chunk_id,company,year,heading,text,register
8a9af92ce6a5a1ca,amazon,2011,,"The All-New Kindle Family: from $79 Build your future with Amazon! Random forests, naďve Bayesian estimators, RESTful services, gossip protocols, eventual consistency, data sharding, anti-entropy, Byzantine quorum, erasure coding, vector clocks ... walk into certain Amazon meetings, and you may momentarily think you've stumbled into a computer science lecture.-- Jeff Bezos, 2010 Shareholder letter. Amazon... a place where builders can build. We hire the world's brightest minds and offer them an environment in which they can invent and innovate to improve the experience for our customers. Many of the problems we face have no textbook solution, and so we -happily-invent new ones - Jeff Bezos, 2010 Shareholder letter. We want you to help share and shape our mission to be Earth's most customer-centric company. Amazon's evolution from Web site to e-commerce partner to development platform is driven by the spirit of invention that is part of our DNA. We do this every day by solving complex technical and business problems with ingenuity and simplicity. We're making history and the good news is that we've only just begun. Invention is in our DNA and technology is the fundamental tool we wield to evolve and improve every aspect of the experience we provide our customers - Jeff Bezos, 2010 Shareholder letter. To read the full shareholder letter, visit 2010 Shareholder Letter We've revolutionized the online shopping experience, cloud computing and the book... join us and see what's next!",absent
91734e1d4f92f48f,amazon,2008,,"At Amazon, we believe that every day is still Day One. A day to take a first step. A day to look forward to new challenges. And today is that day for you. It’s your day to be a part of something great. Your day to make your ideas come to life. And your day to join a company that redefines itself every day. That’s the energy and excitement behind Amazon.",absent
0d4537751eab2035,amazon,2013,,"Amazon is proud to be a platform partner with Lean In, a non-profit organization committed to offering women the encouragement and support to achieve their goals. Visit Lean In's partner page to see Amazon's Partner Profile, including stories of Amazonians who have successfully ""Leaned In"" to their careers with us. Invent the future with Amazon Invention comes in many forms and at many scales. The most radical and transformative of inventions are often those that empower others to unleash their creativity — to pursue their dreams. That’s a big part of what’s going on with Amazon Web Services, Fulfillment by Amazon, and Kindle Direct Publishing... These innovative, large-scale platforms are not zero-sum — they create win-win situations and create significant value for developers, entrepreneurs, customers, authors, and readers. —Jeff Bezos, 2011 Letter to Shareholders At Amazon, we’ve re-invented the online shopping experience, cloud computing, publishing, and even the book. But that’s not all. While most people have heard of Amazon.com, Amazon Web Services, and Kindle products, not many know that we also develop video games, engineer music and video streaming technology, shoot high-fashion photography, and help other businesses sell and distribute their products. We are a federation of startups, each one working to build the best solution to unique problems. What does it take to do this? Smart people. People who are innovative; people who enjoy solving complex problems with ingenuity and simplicity. People like you. And there’s still more to do: We want you to help share and shape our mission to be Earth’s most customer-centric company. Amazon’s evolution from website to e-commerce partner to development platform is driven by the spirit of invention that is part of Amazon’s DNA. It’s what we do, every day — and the good news is that we’ve only just begun. So, what’s next? Join us, and you’ll not only see the future, you’ll create it. We’d like your input on creating a new Global Careers Website! What makes Amazon, Amazon? Listening to our customers. We’re rebuilding our Careers site from the ground up, to make it easier for job-seekers to learn about the many opportunities available with Amazon, and apply for jobs online with less hassle. And because the Candidate is our Customer, we want to hear from you—what improvements would you like to see, and what would make it easier for you to find and apply for the right job? Please be aware that because of the expected volume, we won’t be able to reply to requests sent through this form. Thank you for your suggestions, and look for the launch of the new site sometime in Fall 2013! Click here to go to our careers site suggestion form.",aspirational_vague
2bebab6b934f77e8,amazon,2011,Build your future with Amazon!,"Random forests, naďve Bayesian estimators, RESTful services, gossip protocols, eventual consistency, data sharding, anti-entropy, Byzantine quorum, erasure coding, vector clocks ... walk into certain Amazon meetings, and you may momentarily think you've stumbled into a computer science lecture.-- Jeff Bezos, 2010 Shareholder letter. Amazon... a place where builders can build. We hire the world's brightest minds and offer them an environment in which they can invent and innovate to improve the experience for our customers. Many of the problems we face have no textbook solution, and so we -happily-invent new ones - Jeff Bezos, 2010 Shareholder letter. We want you to help share and shape our mission to be Earth's most customer-centric company. Amazon's evolution from Web site to e-commerce partner to development platform is driven by the spirit of invention that is part of our DNA. We do this every day by solving complex technical and business problems with ingenuity and simplicity. We're making history and the good news is that we've only just begun. Invention is in our DNA and technology is the fundamental tool we wield to evolve and improve every aspect of the experience we provide our customers - Jeff Bezos, 2010 Shareholder letter. To read the full shareholder letter, visit 2010 Shareholder's Letter We've revolutionized the online shopping experience, cloud computing and the book... join us and see what's next!",absent
eac7735e97304823,amazon,2014,Amazon.jobs-play the game!,"We say that we're ""Peculiar,"" but what does that mean? Play the amazon.jobs game, and guess what words really inspire us every day.",absent
3cdd9a6db3f253b3,amazon,2012,,"Build your future with Amazon! Random forests, naďve Bayesian estimators, RESTful services, gossip protocols, eventual consistency, data sharding, anti-entropy, Byzantine quorum, erasure coding, vector clocks ... walk into certain Amazon meetings, and you may momentarily think you've stumbled into a computer science lecture.-- Jeff Bezos, 2010 Shareholder letter. Amazon... a place where builders can build. We hire the world's brightest minds and offer them an environment in which they can invent and innovate to improve the experience for our customers. Many of the problems we face have no textbook solution, and so we -happily-invent new ones - Jeff Bezos, 2010 Shareholder letter. We want you to help share and shape our mission to be Earth's most customer-centric company. Amazon's evolution from Web site to e-commerce partner to development platform is driven by the spirit of invention that is part of our DNA. We do this every day by solving complex technical and business problems with ingenuity and simplicity. We're making history and the good news is that we've only just begun. Invention is in our DNA and technology is the fundamental tool we wield to evolve and improve every aspect of the experience we provide our customers - Jeff Bezos, 2010 Shareholder letter. To read the full shareholder letter, visit 2010 Shareholder Letter We've revolutionized the online shopping experience, cloud computing and the book... join us and see what's next!",absent
04e354b36f70ed56,amazon,2014,Benefits and Stock,"There are many things to consider when deciding on your next employer. At Amazon, we offer employees the chance to work with great people on...",absent
c2149e7b79867e53,amazon,2013,,"Invent the future with Amazon Invention comes in many forms and at many scales. The most radical and transformative of inventions are often those that empower others to unleash their creativity — to pursue their dreams. That’s a big part of what’s going on with Amazon Web Services, Fulfillment by Amazon, and Kindle Direct Publishing... These innovative, large-scale platforms are not zero-sum — they create win-win situations and create significant value for developers, entrepreneurs, customers, authors, and readers. —Jeff Bezos, 2011 Letter to Shareholders At Amazon, we’ve re-invented the online shopping experience, cloud computing, publishing, and even the book. But that’s not all. While most people have heard of Amazon.com, Amazon Web Services, and Kindle products, not many know that we also develop video games, engineer music and video streaming technology, shoot high-fashion photography, and help other businesses sell and distribute their products. We are a federation of startups, each one working to build the best solution to unique problems. What does it take to do this? Smart people. People who are innovative; people who enjoy solving complex problems with ingenuity and simplicity. People like you. And there’s still more to do: Amazonians are leaning into the future, with radical and transformational innovations that create value for thousands of authors, entrepreneurs, and developers. Invention has become second nature at Amazon, and in my view the team’s pace of innovation is even accelerating — I can assure you it’s very energizing. I’m extremely proud of the whole team, and feel lucky to have a front row seat. —Jeff Bezos, 2011 Letter to Shareholders We want you to help share and shape our mission to be Earth’s most customer-centric company. Amazon’s evolution from website to e-commerce partner to development platform is driven by the spirit of invention that is part of Amazon’s DNA. It’s what we do, every day — and the good news is that we’ve only just begun. So, what’s next? Join us, and you’ll not only see the future, you’ll create it. Read Jeff Bezos's most recent shareholder letter in its entirety.",absent
0a17fce94d323d00,amazon,2011,,"Work hard. Have fun. Make history. Build your future with Amazon! Amazon… a place where builders can build. We hire the world’s brightest minds and offer them an environment in which they can relentlessly improve the experience for our customers. We want you to help share and shape our mission to be Earth’s most customer-centric company. Amazon’s evolution from Web site to e-commerce partner to development platform is driven by the spirit of innovation that is part of our DNA. We do this every day by solving complex technical and business problems with ingenuity and simplicity. We’re making history and the good news is that we’ve only just begun. Every day across the world we develop the ideas, the services and the products that make life easier for tens of millions of customers, and good things happen faster. From providing Earth's biggest selection of products to developing ground-breaking software and devices that change entire industries, Amazon is a place of invention and progressive thinking. We’ve revolutionized the online shopping experience, cloud computing and the book… join us and see what’s next!",meritocracy
5f7a2524fb310b42,amazon,2018,Amazon Devices,"Amazon introduced the first Kindle in 2007 - at that time, it offered 90,000 eBooks and sold out 5.5 hours after the announcement. Since then, we have expanded to create the best-selling e-reader family in the world. We have gone beyond Kindle with our powerhouse Fire tablets, built for work...",absent
e3e8d55981362c8d,amazon,2017,Frugality,"Accomplish more with less. Constraints breed resourcefulness, self-sufficiency and invention. There are no extra points for growing headcount, budget size or fixed expense.",absent
81ff1e252efe49ed,amazon,2017,Earth's most customer-centric company,"When Amazon.com launched in 1995, it was with the mission “to be Earth’s most customer-centric company, where customers can find and discover anything they might want to buy online, and endeavors to offer its customers the lowest possible prices.” This goal continues today, but Amazon’s customers are worldwide now, and have grown to include millions of Consumers, Sellers, Content Creators, and Developers & Enterprises. Each of these groups has different needs, and we always work to meet those needs, innovating new solutions to make things easier, faster, better, and more cost-effective.",absent
d87abd180fb5f1b9,amazon,2016,we pioneer,"We're a company of pioneers. It's our job to make bold bets, and we get our energy from inventing on behalf of customers. Success is measured against the possible, not the probable. For today’s pioneers, that’s exactly why there’s no place on Earth they’d rather build than Amazon.",absent
129ebf1f7738b858,amazon,2017,Diversity at Amazon,"We are a company of builders who bring varying backgrounds, ideas, and points of view to inventing on behalf of our customers. Our diverse perspectives come from many sources including gender, race, age, national origin, sexual orientation, culture, education, as well as professional and life experience. We are working to develop leaders and shape future talent pools to help us meet the needs of our customers around the world.",aspirational_vague
92a0d4eb8403eb0d,amazon,2017,Invent and Simplify,"Leaders expect and require innovation and invention from their teams and always find ways to simplify. They are externally aware, look for new ideas from everywhere, and are not limited by “not invented here"". As we do new things, we accept that we may be misunderstood for long periods of time.",absent
e906f3f300a44581,amazon,2017,Earn Trust,"Leaders listen attentively, speak candidly, and treat others respectfully. They are vocally self-critical, even when doing so is awkward or embarrassing. Leaders do not believe their or their team’s body odor smells of perfume. They benchmark themselves and their teams against the best.",absent
bdf80f71817354eb,amazon,2017,we pioneer,"We're a company of pioneers. It's our job to make bold bets, and we get our energy from inventing on behalf of customers. Success is measured against the possible, not the probable. For today’s pioneers, that’s exactly why there’s no place on Earth they’d rather build than Amazon.",absent
b1e9fbca1a9d5146,amazon,2017,Have Backbone; Disagree and Commit,"Leaders are obligated to respectfully challenge decisions when they disagree, even when doing so is uncomfortable or exhausting. Leaders have conviction and are tenacious. They do not compromise for the sake of social cohesion. Once a decision is determined, they commit wholly.",absent
2db68e9ddf395b9b,amazon,2019,Come build the future with us,"Our mission is to be Earth's most customer-centric company. This is what unites Amazonians across teams and geographies as we are all striving to delight our customers and make their lives easier, one innovative product, service, and idea at a time.",absent
1d8f07569a9bb458,amazon,2026,"Impact the future, today","Every Amazonian, from warehouse floor to corporate HQ, shares a drive to impact the future, today. Our unmatched scale offers every employee endless opportunities to reimagine how customers shop, stream, eat, connect and live. United by our peculiar culture of curiosity, bold ownership and fearless initiative, we channel our customer obsession into making everyday impact—big and small.",absent
57737504b66e5c8a,amazon,2023,Come build the future with us,"Our mission is to be Earth's most customer-centric company. This is what unites Amazonians across teams and geographies as we are all striving to delight our customers and make their lives easier, one innovative product, service, and idea at a time.",absent
b94b9f86dcad07c9,amazon,2026,LinkedIn names Amazon a top US company where people want to work,"The annual ranking recognizes Amazon's investment in career growth, education access, and local communities—backed by a $2.5 billion skills training commitment.",absent
848b9cb2bffffa24,amazon,2026,"Amazon increases wages, lowers health care costs for hourly US employees","Our average hourly pay is more than $23 per hour, and average total compensation is more than $30 an hour when you include the value of our industry-leading benefits package.",absent
2e6d5d5eed44c520,amazon,2026,Amazon is investing over $1 billion to raise pay and lower health care costs for US fulfillment and transportation employees,Average total compensation is now over $30 per hour when you include elected benefits.,absent
d4f24443479e6c7f,amazon,2026,Working at Amazon,"We’re proud to create great jobs with industry-leading benefits, including things like health care on day one for regular full-time employees. Upskilling We’re investing billions of dollars to help our employees and our neighbors prepare for the jobs of the future. Together at Amazon We're committed to building a company that delivers the best range of products for our broad customer base. Together at Amazon helps us do that by empowering employees to grow, thrive, and connect through customized recommendations for programs, resources, and engagement opportunities. Tours Come experience Amazon in person! We offer free public tours to show what happens behind the scenes in our fulfillment centers around the world. Safety The safety of our employees and partners is our top priority and integral to everything that we do at Amazon—every day, in every operation, across every country. Our workforce data We track representation across our workforce because we know that having a team that reflects our customers and communities helps us build the best possible customer experience and products for our globally diverse customer base.",absent
7107136943707440,amazon,2026,"Amazon delivers another strong year of safety progress, making our workplaces even safer for our employees","Amazon has reduced workplace injury rates by 43% since 2019, reflecting our continued focus on safety excellence.",absent
bddb8478d814f146,amazon,2026,Our headquarters,"HQ1: Puget Sound, Washington We have facilities across the Puget Sound region—including our corporate offices in Seattle and Bellevue, fulfillment centers in Kent, Sumner, and Dupont, our air hub at SeaTac airport, Project Kuiper’s R&D facility in Redmond, and several Amazon and Whole Foods physical stores. Learn more HQ2: Arlington, Virginia Our campus in the National Landing neighborhood of Arlington, Virginia features energy-efficient offices, neighborhood retail, and public and green spaces, including a dog park, recreation areas, farmers markets, and more. Learn more",absent
6de66377ea72ca95,amazon,2024,Come build the future with us,"Our mission is to be Earth's most customer-centric company. This is what unites Amazonians across teams and geographies as we are all striving to delight our customers and make their lives easier, one innovative product, service, and idea at a time.",absent
449585f9cea8bfd7,amazon,2022,Come build the future with us,"Our mission is to be Earth's most customer-centric company. This is what unites Amazonians across teams and geographies as we are all striving to delight our customers and make their lives easier, one innovative product, service, and idea at a time.",absent
e27c6dcec175ad55,google,2005,,"Home About Google We're Hiring! Main All Openings Top 10 Reasons Culture Benefits Inside View Work/Life Balance Google California Benefits Google Non-CA Benefits Review our benefits for Non-California employees . Health Care Google's benefit package includes Benefits Alliance medical insurance which allows you to enroll in one of the plans listed below. HMO health care premiums are 100% paid for employee. Same sex domestic partner coverage is also available. Most benefits are effective on your date of hire. Medical Insurance: • Blue Shield PPO or HMO • Cigna PPO or HMO • Kaiser HMO Dental Insurance: • Delta Dental (comprehensive dental care; 100% preventative care coverage) Vision Insurance: • VSP (exam, lenses and frames once every year.) Stock Program New hire employees will be recommended to be granted an option to purchase shares of Google stock. Your option price will be based upon the fair market value as determined by the Board of Directors on the date of grant. Vacation Year: 1st 15 days 4th 20 days 6th 25 days Holidays 10 paid holidays Sick days taken as necessary Past company outings have included all-staff ski and summer picnic. Pre-Tax Savings Program 401(k) Plan through Fidelity: • Employee contributes with a Google match up to $2200 per year. • 14 investment options available. • 529 College Savings Investment Plan. Flex Spending Account Plan • Includes Health Spending Account, Dependent Care Account, and a Qualified Transportation Benefit. Post-Tax Savings Program 529 College Savings Plan • This plan provides employees with a way to save money for post-secondary education. Income Protection Group Life Insurance: • Automatic coverage for 2 times annual salary. Short Term Disability Insurance*: • Coverage provided at 75% of salary beginning on the 6th day of your disability. Long Term Disability Insurance: • Coverage provided at 66 2/3% of salary after 90 days. Voluntary Life Insurance: • Option to purchase additional life insurance. Concern Employee Assistance Program: • Confidential counseling & referral service for employees and eligible dependents. • Legal counsel for common legal issues. Other Great Benefits Healthy lunches:*** • Employees enjoy free lunch 5 days per week. • Plus breakfast food and all the snacks you can eat! Massage & gym:*** • Working hard? Experienced massage therapists on site will melt your stress. • Workout in the gym and enjoy a relaxing sauna all within the Googleplex. Activities:*** • All Googlers are invited to participate in weekly roller hockey games, bike rides, and walks in the wildlife preserve next door. There's also a grand piano in the lobby open to all. • Employees receive free 1 hour passes to enjoy rock climbing or gymnastics at Twisters Gym located in Mountain View . Maternity leave: • 12 weeks off at 75% pay (this time includes disability leave), provided you've been an active employee for 60 days. Plus $500 of take-out meals at Google's expense for the first 4 weeks that you're home with your new baby. Parental Leave (for non-primary caregivers): • 2 weeks off at 100% pay when your spouse or domestic partner has a baby, provided you've been an active employee for 60 days. Plus $500 of take-out meals at Google's expense for the first 4 weeks that you're home with your new baby. Adoption Policy • Google will now assist our employees by offering financial assistance in the adoption of a child. We'll reimburse you up to $5,000 to use towards legal expenses, adoption agencies or other adoption professional fees. Parental leave and waiters-on-wheels benefit may also apply. Tuition Reimbursement • We offer reimbursement for college expenses incurred in pursuit of a degree that is relevant to your current job of up to $5000 per year. You must receive grades of B or better. Employee Referral Program • Google will award you a $2000.00 bonus if your referral accepts our offer and remains employed for at least 60 days, provided that you are an active employee. On-site doctor:*** • At Google you have the convenience of seeing a doctor on-site . On-site dental:*** • On-site Dental Care brings state-of-the-art dentistry to a nearby parking lot on a regular basis. *Short-term disability plan offered through Google's Voluntary Disability Plan. Employees have the option to elect Ca State Plan. **This is intended for information use only. It does not include all benefit terms, exclusions, limitations and other provisions. If the above differs from Insurance Contract or Member Plan Documents, such documents will prevail. ***These benefits do not apply to the Newport and Santa Monica offices. ~ Benefits subject to change without notice. ~",absent
b813bbcd80540cef,google,2012,Ten things we know to be true,"You don’t need to be at your desk to need an answer. The world is increasingly mobile: people want access to information wherever they are, whenever they need it. We’re pioneering new technologies and offering new solutions for mobile services that help people all over the globe to do any number of tasks on their phone, from checking email and calendar events to watching videos, not to mention the several different ways to access Google search on a phone. In addition, we’re hoping to fuel greater innovation for mobile users everywhere with Android, a free, open source mobile platform. Android brings the openness that shaped the Internet to the mobile world. Not only does Android benefit consumers, who have more choice and innovative new mobile experiences, but it opens up revenue opportunities for carriers, manufacturers and developers.",absent
8171664cf599ffe0,google,2014,The people behind Google,"Building great products depends on great people. There are more than 40,000 Googlers behind the tools that you use every day—from search to Chrome. Find out more about what it’s like to work at Google, where we work and who drives our company strategy below.",absent
14a3e1aaf915b507,google,2012,Locations,"A rundown of our offices around the world, and what makes an office feel ""Googley.""",absent
3ac0654ccd4926eb,google,2012,The comic heard ‘round the world,"Word got out about Google Chrome a day ahead of schedule when a comic book introducing our new open source browser was shipped earlier than planned. We officially launched on September 2, 2008.",absent
d65e093c55ef7599,google,2012,What's it like to work in Los Angeles?,"Our Los Angeles offices are strategically located just a few short blocks from sunny beaches in Southern California. We have an average of over 300 days of sunshine within a region that encompasses ocean beaches, deserts and mountains. Our Los Angeles offices have grown to become one of the largest development centers in the United States. Many of our Google Los Angeles engineers work on some of Google’s hardest problems, in realms such as Search Quality, YouTube , Ads , Video and Photos . Our solutions revolve around Google principles: we put the users first, we love academic endeavors and active learning, and we encourage engineers to spend 20% of their time on their own projects to inspire creativity. As Google continues to improve and expand the search services it provides to the world, and expand its reach into video, photography and audio, we’ll need the type of engineering talent that can take us to the next level – and the one after. We need engineers just like you.",absent
65244823c0a9c5d4,google,2012,Google Inc.,"Larry and Sergey named the search engine they built “Google,” a play on the word “googol,” the mathematical term for a 1 followed by 100 zeros. Google Inc. was born in 1998, when Sun co-founder Andy Bechtolsheim wrote a check for $100,000 to that entity—which until then didn’t exist.",absent
73e049cbd8734270,google,2014,Speed of dreams,"Astro Teller (yes, that is his real name) shares how Google bets big on the ...",absent
55312a9b92faf613,google,2012,Ten things we know to be true,"We first wrote these “10 things” when Google was just a few years old. From time to time we revisit this list to see if it still holds true. We hope it does—and you can hold us to that. Focus on the user and all else will follow. Since the beginning, we’ve focused on providing the best user experience possible. Whether we’re designing a new Internet browser or a new tweak to the look of the homepage, we take great care to ensure that they will ultimately serve you , rather than our own internal goal or bottom line. Our homepage interface is clear and simple, and pages load instantly. Placement in search results is never sold to anyone, and advertising is not only clearly marked as such, it offers relevant content and is not distracting. And when we build new tools and applications, we believe they should work so well you don’t have to consider how they might have been designed differently. It’s best to do one thing really, really well. We do search. With one of the world’s largest research groups focused exclusively on solving search problems, we know what we do well, and how we could do it better. Through continued iteration on difficult problems, we’ve been able to solve complex issues and provide continuous improvements to a service that already makes finding information a fast and seamless experience for millions of people. Our dedication to improving search helps us apply what we’ve learned to new products, like Gmail and Google Maps. Our hope is to bring the power of search to previously unexplored areas, and to help people access and use even more of the ever-expanding information in their lives.",absent
04b2ca8f6ce6a21a,google,2011,Let’s work together.,"At Google, innovation and creativity keeps our projects changing and improving. Our consistency comes from our Googlers – smart, amazing people who foster an environment of collaboration and fun.",absent
d7014a8e752c4533,google,2015,Speed of dreams,"Astro Teller (yes, that is his real name) shares how Google bets big on the ...",absent
a5c2412a3c1b9800,google,2015,Culture and Diversity,"We’ve always wanted Google to be a place that brought together smart, talented people from a diversity of backgrounds, and where you could bring your whole self to work. Lots has been written about our great perks, but read on to find out what our culture is really all about.",belonging_culture
076cb8ccc68e7dc7,google,2015,Exploring the world's art museums from home,"Googler Amit Sood chats with CBS This Morning about his work on Google Art Project, ...",absent
7594f71030d04c6a,google,2018,BOLD Immersion,BOLD Immersion provides a glimpse into the business side of the technology industry and exposure to non-technical career opportunities at Google.,absent
0cde18fbb2f0dc42,google,2017,Support your loved ones,"Your family matters to you, so they’re important to us, too. Many of our benefit programs and onsite amenities are aimed at supporting you and your loved ones through life’s various stages—we offer generous parental leave policies, retirement savings plans, death benefits, and much more. In some of our offices, you can even bring your canine family members to work!",absent
1dad058c05cfb315,google,2015,"S.O.S.: When disaster strikes, Raquel and Crisis Response answer the call","When disaster strikes, Software Engineer Raquel Romano and the Google Crisis Response team spring into ...",absent
9870e120f5ab743e,google,2015,Do Cool Things That Matter,"Googlers solve complex problems everyday in the name of our core mission to organize the world’s information and make it universally accessible to our users. But what makes working at Google truly unique is the workplace culture that encourages innovation and a healthy disregard for the impossible. Watch Alan Eustace, SVP of knowledge, explain the secret ingredient that makes Google a great place to work: our people.",absent
0e5dcfff542f3859,google,2016,Support your loved ones,"Your family matters to you, so they’re important to us, too. Many of our benefit programs and onsite amenities are aimed at supporting you and your loved ones through life’s various stages—we offer generous parental leave policies, retirement savings plans, death benefits, and much more. In some of our offices, you can even bring your canine family members to work!",absent
21dcd378345b7c86,google,2016,Manage your finances,"From our highly-rated retirement savings matches to financial advisors and planning services, we offer many resources to help keep you financially fit.",absent
363ba88f2457badc,google,2015,Innovation at Google,Our engineers use technology to solve some of the world’s biggest challenges. But you don’t have to code to innovate at Google. Learn how Googlers across all our teams think big and find creative ways to work better and smarter in all that we do.,absent
db0ff87c6a8dd89f,google,2025,Helping Veterans,"Every year, 250,000 service members transition out of the military. United States service members can now enter their military occupation code (MOS, AFSC, NEC, etc.) when they search “jobs for Veterans” and find relevant jobs that align with their military experience — making the civilian career shift easier.",absent
ce6b1cdd8ffd7128,google,2024,Discover the opportunities,"Scholarships Google offers a range of scholarships for high-school students pursuing a post-secondary education in technology. Explore Internships Our #GoogleInterns and residents help build products that create opportunities for everyone. Bring your insight, imagination, and a healthy disregard for the impossible. Explore Apprenticeships Apprenticeships join different teams to gain practical skills while at Google, and study towards an externally-recognized qualification. Explore Programs Dive in to find programs that help you immerse yourself in Google’s culture and work, prepare you for a future in business or computer science, and more. Explore",absent
c59aaf1aef5b56a3,google,2025,"Building technology, together",We’re designing with communities that are often overlooked so that what we build is truly helpful for everyone.,absent
d341ea6f69eb2a85,google,2025,AI in Mammography,"AI can help doctors and patients detect diseases earlier, so it has the potential to improve screening for breast cancer – the most common cancer in women worldwide. We’ve partnered with researchers in the U.S. and U.K. to discover how AI can increase the accuracy and efficiency of mammography programmes, reducing the time to diagnosis and improving the patient experience. We’re also working with Chang Gung Memorial Hospital (CGMH) in Taiwan to learn whether our AI models can help with early detection of breast cancer using ultrasound. Beyond screening and monitoring, we’re researching ways that AI can support and inform the treatment of breast cancer and other diseases across the globe. For example, we’ve partnered with Mayo Clinic to develop an AI system that can help doctors reduce planning time and improve the efficiency of radiotherapy, a common cancer treatment. Helping veterans find jobs that align with their military experience",absent
aa9596878df0131d,google,2025,"Melonie Parker, Google employee’s quote","“To build products that help billions of people reach their goals, we’re bringing together talented people from everywhere and empowering them to do their best work.” MELONIE PARKER VP, Googler Engagement “To build products that help billions of people reach their goals, we’re bringing together talented people from everywhere and empowering them to do their best work.” MELONIE PARKER VP, Googler Engagement",belonging_culture
88fad3df553068f8,google,2025,Android & Pixel for everyone,"We're committed to creating tools that make it easier for everyone to accomplish important everyday tasks - like having conversations, getting work done, and enjoying entertainment. Here are some examples across Android and Pixel: Guided Frame , a Pixel accessibility feature that helps people with blindness, low vision, and dexterity-related disabilities take selfies and group photos with more ease. Lookout , an Android feature that helps people with visual impairments get descriptions of the physical world using their phone's camera and ask follow-up questions by voice or keyboard. Reading mode on Android, a more accessible reading experience designed for and with people with low vision, blindness, and dyslexia. Magnifier , a camera-based app for seeing things with detail up close, designed in collaboration with trusted partners at the Royal National Institute of Blind People and National Federation of the Blind. Sound notifications on Android, a helpful feature that detects and notifies people of critical household sounds, like smoke alarms, doorbells, or crying babies, specifically designed for people who are deaf or hard of hearing. Live Transcribe , a no-cost Android service that provides automatic captions in more than 70 languages to help people who are deaf or hard of hearing participate in conversations. Conversation mode for Pixel phones, which uses on-device machine learning to help anyone better hear conversations in loud environments by tuning out competing noise. Learn more about accessibility and disability inclusion across our Android and Pixel products here . Making technology more accessible in more languages with help from AI",absent
98ec46b6ef70bf0e,google,2025,Accelerating the impact of nonprofits,"We’re applying Google’s innovation, research, and resources to promote progress and expand opportunity for everyone.",absent
72a1a739601f7f4e,google,2023,Our locations,"Large or small, each one of our offices is designed to inspire innovation, big ideas, and community.",absent
08efb3cf843a0494,google,2023,Find your team,"Together, we create access to information and build products for everyone. Want to be a Googler? Find your team. Develop the products and tools of the future for billions of users. Equip businesses with the right tools to help them grow. Find, grow, and support the people who make Google great. Make people's lives better through technology.",absent
cb7eb2c944e115c4,google,2025,Supporting community businesses,"We’re building tools that make it easier to support businesses that represent and support a range of different communities. Business owners in the U.S. can add attributes to their Business Profiles that customers can see in their listings on Google Search and Google Maps. So people can see if businesses are veteran-owned , women-owned , disabled-owned , LGBTQ+ owned , Asian-owned , Black-owned , Latino-owned , Indigenous-owned , wheelchair-accessible , and LGBTQ-friendly . Improving breast cancer screening with AI",absent
9fe900b90ab0fb35,meta,2010,Platform & Product Marketing,"and Perks We've got it good! At our Palo Alto headquarters, we also offer free breakfast, lunch and dinner at our Cafe. Whether you're looking for healthy salads, or hearty world cuisine from Belize, India, etc., or just a couple slices of pizza, Chef Josef and his team of culinary geniuses in Palo Alto make it happen every day. Life at Facebook Innovation is paramount No matter what part of Facebook you join, you'll be building something big and new. You won't simply be finding answers; you'll be framing questions that no one has ever asked before - and identifying unprecedented opportunities. We welcome pioneers. In fact, we insist on them.",absent
7c1afed6f94cf5c1,meta,2010,Hello. Facebook is hiring.,"We're a cutting-edge technology company, constantly taking on new challenges in the worlds of milliseconds and terabytes. We need help from people who like to move fast, tackle the big stuff, and have an immediate impact. Sound like you?",absent
bee0dd9ef59fadb4,meta,2009,Hello. Facebook is hiring.,"We're a cutting-edge technology company, constantly taking on new challenges in the worlds of milliseconds and terabytes. We need help from people who like to move fast, tackle the big stuff, and have an immediate impact. Sound like you?",absent
e58828057fe165ba,meta,2012,,"Innovate and make friends. No matter what part of Facebook you join, you'll be building something big and new. We welcome pioneers. In fact, we insist on them. Learn more about our culture. Work well. At our Menlo Park headquarters, we also offer free breakfast, lunch and dinner at our Cafe. Learn more about our benefits.",absent
9a4acc9c2712c3b6,meta,2011,,"Innovate and make friends. No matter what part of Facebook you join, you'll be building something big and new. We welcome pioneers. In fact, we insist on them. Learn more about our culture. Work well. At our Palo Alto headquarters, we also offer free breakfast, lunch and dinner at our Cafe. Learn more about our benefits.",absent
e1709116d9450825,meta,2011,Platform & Product Marketing,"and Perks food We've got it good! At our Palo Alto headquarters, we also offer free breakfast, lunch and dinner at our Cafe. Whether you're looking for healthy salads, or hearty world cuisine from Belize, India, etc., or just a couple slices of pizza, Chef Josef and his team of culinary geniuses in Palo Alto make it happen every day. Life at Facebook life Innovation is paramount No matter what part of Facebook you join, you'll be building something big and new. You won't simply be finding answers; you'll be framing questions that no one has ever asked before - and identifying unprecedented opportunities. We welcome pioneers. In fact, we insist on them.",absent
1d482634a64e7670,meta,2011,Hello. Facebook is hiring.,Our employees build and create technology that fundamentally changes how hundreds of millions of people around the world connect and share. Come work with us.,absent
f0480528c42ca24f,meta,2018,What’s it like to work at Facebook?,"Connecting the world takes every one of us Move fast Connecting people, building community and bringing the world closer together happens in real time. Our teams are small and nimble. We work quickly and collaboratively to build smarter, more meaningful solutions on a global scale. Be bold We’re determined to build a better, more connected world for everyone. From engineers to designers and marketers, we empower the people who work at Facebook to make an impact. When you’re in charge of making a difference, there’s no limit to what you can do.",absent
88f5152b57876600,meta,2017,What’s it like to work at Facebook?,"Connecting the world takes every one of us Move fast Connecting people, building community and bringing the world closer together happens in real time. Our teams are small and nimble. We work quickly and collaboratively to build smarter, more meaningful solutions on a global scale. Be bold We’re determined to build a better, more connected world for everyone. From engineers to designers and marketers, we empower the people who work at Facebook to make an impact. When you’re in charge of making a difference, there’s no limit to what you can do.",absent
42686ceb98c72503,meta,2016,What’s it like to work at Facebook?,"Connecting the world takes every one of us Move fast Connecting the world happens in real time. Our teams are small and nimble. We work quickly and collaboratively to build smarter, more meaningful solutions on a global scale. Be bold We’re determined to build a better, more connected world for everyone. From engineers to designers and marketers, we empower the people who work at Facebook to make an impact. When you’re in charge of making a difference, there’s no limit to what you can do.",absent
ac73df455e846964,meta,2015,What’s it like to work at Facebook?,"Connecting the world takes every one of us Move fast Connecting the world happens in real time. Our teams are small and nimble. We work quickly and collaboratively to build smarter, more meaningful solutions on a global scale. Be bold We’re determined to build a better, more connected world for everyone. From engineers to designers and marketers, we empower the people who work at Facebook to make an impact. When you’re in charge of making a difference, there’s no limit to what you can do.",absent
85592c2574994f5f,meta,2026,We build awesome things,"From Oakley Meta Vanguard to Oakley Meta HTSN, this is the next evolution of AI glasses. Oakley and Meta have joined forces to bring AI glasses to sports and everyday lifestyles, combining Oakley's eye-catching style with Meta's innovative wearable and AI technology. Built for life on the field, trail, or track, with everyday use cases, Oakley Meta is here to evolve sport and enhance performance. From Oakley Meta Vanguard to Oakley Meta HTSN, this is the next evolution of AI glasses. Oakley and Meta have joined forces to bring AI glasses to sports and everyday lifestyles, combining Oakley's eye-catching style with Meta's innovative wearable and AI technology. Built for life on the field, trail, or track, with everyday use cases, Oakley Meta is here to evolve sport and enhance performance. Meta Ray-Ban Display and Meta Neural Band are redefining the way people connect. This breakthrough tech allows people to answer messages, capture high-quality audio and video, and use Meta AI on a private in-lens display with intuitive, on-wrist controls — proving what's possible when you push the limits of AI in wearables. Meta Ray-Ban Display and Meta Neural Band are redefining the way people connect. This breakthrough tech allows people to answer messages, capture high-quality audio and video, and use Meta AI on a private in-lens display with intuitive, on-wrist controls — proving what's possible when you push the limits of AI in wearables. Muse Spark powers Meta AI with natively multimodal reasoning, visual chain of thought and multi-agent orchestration. It can reason through complex questions in science, math and health, and see and understand what you're looking at — not just read what you type.",absent
52975e9257b08357,meta,2025,Join us in connecting the world.,"Every day, we redefine and build a future that’s more open, accessible, and focused on human connection. Explore our featured roles and join our mission to build the future of human connection.",absent
dbb49616142fe1f7,meta,2025,,"Put your skills to work as we build for the future of AI — today At Meta, we want you to build a career where you’re challenged, valued, and learning from the best. Join us to build the future of human connection and the technology that makes it possible.",absent
4fc3d8c2bb0821bb,meta,2026,We build awesome things,"Muse Spark powers Meta AI with natively multimodal reasoning, visual chain of thought and multi-agent orchestration. It can reason through complex questions in science, math and health, and see and understand what you're looking at — not just read what you type. Our Meta Quest headsets take virtual reality beyond entertainment, driving breakthroughs in education, travel and other significant areas. Their groundbreaking technologies drive research and development in areas such as computer vision, advanced optics and virtual reality. Our Meta Quest headsets take virtual reality beyond entertainment, driving breakthroughs in education, travel and other significant areas. Their groundbreaking technologies drive research and development in areas such as computer vision, advanced optics and virtual reality. With 2x the battery life and 3K Ultra HD video capture, your favorite AI glasses just got better. The latest version of Ray-Ban Meta AI glasses lets you capture every adventure in sharper, smoother, more vivid contrast — all while interacting with hands-free, on-device AI. With 2x the battery life and 3K Ultra HD video capture, your favorite AI glasses just got better. The latest version of Ray-Ban Meta AI glasses lets you capture every adventure in sharper, smoother, more vivid contrast — all while interacting with hands-free, on-device AI. From Oakley Meta Vanguard to Oakley Meta HTSN, this is the next evolution of AI glasses. Oakley and Meta have joined forces to bring AI glasses to sports and everyday lifestyles, combining Oakley's eye-catching style with Meta's innovative wearable and AI technology. Built for life on the field, trail, or track, with everyday use cases, Oakley Meta is here to evolve sport and enhance performance.",absent
7a009a1129e895cd,meta,2025,Engage with big ideas and brilliant people,We’re building more than future technology — we’re building a community of creators and developers. Our signature events connect us with the wider Meta community to explore tomorrow’s tech and inspire big ideas.,absent
277c9dedc6d58d23,meta,2026,We build awesome things,"Muse Spark powers Meta AI with natively multimodal reasoning, visual chain of thought and multi-agent orchestration. It can reason through complex questions in science, math and health, and see and understand what you're looking at — not just read what you type. Muse Spark powers Meta AI with natively multimodal reasoning, visual chain of thought and multi-agent orchestration. It can reason through complex questions in science, math and health, and see and understand what you're looking at — not just read what you type. Our Meta Quest headsets take virtual reality beyond entertainment, driving breakthroughs in education, travel and other significant areas. Their groundbreaking technologies drive research and development in areas such as computer vision, advanced optics and virtual reality. Our Meta Quest headsets take virtual reality beyond entertainment, driving breakthroughs in education, travel and other significant areas. Their groundbreaking technologies drive research and development in areas such as computer vision, advanced optics and virtual reality. With 2x the battery life and 3K Ultra HD video capture, your favorite AI glasses just got better. The latest version of Ray-Ban Meta AI glasses lets you capture every adventure in sharper, smoother, more vivid contrast — all while interacting with hands-free, on-device AI. With 2x the battery life and 3K Ultra HD video capture, your favorite AI glasses just got better. The latest version of Ray-Ban Meta AI glasses lets you capture every adventure in sharper, smoother, more vivid contrast — all while interacting with hands-free, on-device AI.",absent
ee356df356e9fe5f,meta,2025,Our best ideas happen together,"Teamwork drives innovation, cultivates human connection and supports constant learning. Whatever role each of us plays — engineer, analyst, strategist, designer — our best work comes through collaboration and combining our collective skills. Build the next generation of AI openly and responsibly Meta is all in on building the future of AI with Llama, our open-source collection of models. Llama turns inspiration into reality by translating and generating dialogue and code, solving complex problems, following instructions and more. See how a role in AI at Meta can help you drive the future of education, healthcare, finance, cybersecurity and more. Innovate the leading spatial platform and new devices Our teams create new ways to connect in the metaverse and take wearables beyond gaming. We build next-generation hardware and software like Meta Quest headsets, AR wearables and Ray-Ban AI glasses that do everything from assisting surgeons with training to creating virtual classrooms to “seeing” the world from home. Ensure the efficiency, safety and security of our technologies Maintaining a secure and reliable global infrastructure is essential to peoples’ safety and privacy. As a member of the infrastructure team, you’ll help build scalable systems and optimize their performance. You’ll also maintain, monitor and troubleshoot our networks, data and hardware.",absent
cb05b18fe6334cd1,meta,2025,We build awesome things,"We do more than make great technologies — we create awe and inspiration. AI is influencing the metaverse in mind-blowing ways and we’re staying a step ahead. From our Llama collection of open-source large language models to immersive virtual reality headsets and Ray-Ban Meta glasses, we’re making our vast world feel smaller and more connected.",absent
795b1f2ad0e368e6,meta,2026,We build awesome things,"Our Meta Quest headsets take virtual reality beyond entertainment, driving breakthroughs in education, travel and other significant areas. Their groundbreaking technologies drive research and development in areas such as computer vision, advanced optics and virtual reality. With 2x the battery life and 3K Ultra HD video capture, your favorite AI glasses just got better. The latest version of Ray-Ban Meta AI glasses lets you capture every adventure in sharper, smoother, more vivid contrast — all while interacting with hands-free, on-device AI. With 2x the battery life and 3K Ultra HD video capture, your favorite AI glasses just got better. The latest version of Ray-Ban Meta AI glasses lets you capture every adventure in sharper, smoother, more vivid contrast — all while interacting with hands-free, on-device AI. From Oakley Meta Vanguard to Oakley Meta HTSN, this is the next evolution of AI glasses. Oakley and Meta have joined forces to bring AI glasses to sports and everyday lifestyles, combining Oakley's eye-catching style with Meta's innovative wearable and AI technology. Built for life on the field, trail, or track, with everyday use cases, Oakley Meta is here to evolve sport and enhance performance. From Oakley Meta Vanguard to Oakley Meta HTSN, this is the next evolution of AI glasses. Oakley and Meta have joined forces to bring AI glasses to sports and everyday lifestyles, combining Oakley's eye-catching style with Meta's innovative wearable and AI technology. Built for life on the field, trail, or track, with everyday use cases, Oakley Meta is here to evolve sport and enhance performance.",absent
8ae8ef9f60e54b9d,meta,2026,We build awesome things,"From Oakley Meta Vanguard to Oakley Meta HTSN, this is the next evolution of AI glasses. Oakley and Meta have joined forces to bring AI glasses to sports and everyday lifestyles, combining Oakley's eye-catching style with Meta's innovative wearable and AI technology. Built for life on the field, trail, or track, with everyday use cases, Oakley Meta is here to evolve sport and enhance performance. Meta Ray-Ban Display and Meta Neural Band are redefining the way people connect. This breakthrough tech allows people to answer messages, capture high-quality audio and video, and use Meta AI on a private in-lens display with intuitive, on-wrist controls — proving what's possible when you push the limits of AI in wearables. Meta Ray-Ban Display and Meta Neural Band are redefining the way people connect. This breakthrough tech allows people to answer messages, capture high-quality audio and video, and use Meta AI on a private in-lens display with intuitive, on-wrist controls — proving what's possible when you push the limits of AI in wearables. We’ve integrated our state-of-the-art open source language model with Meta AI, our intelligent assistant, for enhanced scalability and performance. Meta Llama significantly elevates various capabilities, such as code generation, reasoning and content translation. We’ve integrated our state-of-the-art open source language model with Meta AI, our intelligent assistant, for enhanced scalability and performance. Meta Llama significantly elevates various capabilities, such as code generation, reasoning and content translation. Our Meta Quest headsets take virtual reality beyond entertainment, driving breakthroughs in education, travel and other significant areas. Their groundbreaking technologies drive research and development in areas such as computer vision, advanced optics and virtual reality.",absent
da083246dc150e59,google,2025,Accessibility with AI,"When we can’t experience technology in our language, it limits what we can learn, what jobs we can have, what stories we can share, and so much more. That’s why we’re using AI to make the internet and digital tools more accessible and useful for speakers of all languages, all around the world. Here are some of the ways we’re doing it: In 2022, we announced the 1,000 Languages Initiative , an ambitious commitment to build an AI model that will support the 1,000 most spoken languages and bring greater inclusion to billions of people in marginalized communities all around the world. We’ve built a language model for Bambara, one of West Africa's most widely spoken languages, to make the world’s information more accessible to its speakers. We’ve added support for additional languages across many AI-powered products and features, including Live Caption , Google Translate , and Gemini . Improving skin tone representation across Google products",absent
6dcc7d8376ffd2da,google,2016,Locations,Take a ride on the Google self-guided tour. Stop by our offices around the globe to find what you're searching for. Keep your arms and legs inside the vehicle at all times.,absent
7dd1d87fa6e306fe,google,2014,The front lines: Yvette and Sean on fighting the war on bugs,People depend on Google Maps every day to get them where they need to go. ...,absent
527e78ceafbeb278,meta,2025,Our best ideas happen together,"Teamwork drives innovation, cultivates human connection and supports constant learning. Whatever role each of us plays — engineer, analyst, strategist, designer — our best work comes through collaboration and combining our collective skills. Build the next generation of AI openly and responsibly Meta is all in on building the future of AI with Llama, our open-source collection of models. Llama turns inspiration into reality by translating and generating dialogue and code, solving complex problems, following instructions and more. See how a role in AI at Meta can help you drive the future of education, healthcare, finance, cybersecurity and more. Innovate the leading spatial platform and new devices Our teams create new ways to connect in the metaverse and take wearables beyond gaming. We build next-generation hardware and software like Meta Quest headsets, AR wearables and Ray-Ban Meta glasses that do everything from assisting surgeons with training to creating virtual classrooms to “seeing” the world from home. Ensure the efficiency, safety and security of our technologies Maintaining a secure and reliable global infrastructure is essential to peoples’ safety and privacy. As a member of the infrastructure team, you’ll help build scalable systems and optimize their performance. You’ll also maintain, monitor and troubleshoot our networks, data and hardware. At the forefront of innovation, the possibilities are endless Work with the brightest AI minds to build the future of human connection. Together we can build awesome things.",absent
b75b95981a70b8a4,google,2014,The road to Omega: John Wilkes discusses computer science research and the future of Google infrastructure,"Operating at a global scale presents some amazing challenges. To find solutions, Google recruits computer ...",absent
8567140f49170300,google,2015,The road to Omega: John Wilkes discusses computer science research and the future of Google infrastructure,"Operating at a global scale presents some amazing challenges. To find solutions, Google recruits computer ...",absent
a11919abd879dd1b,google,2012,Ten things we know to be true,"Great just isn’t good enough. We see being great at something as a starting point, not an endpoint. We set ourselves goals we know we can’t reach yet, because we know that by stretching to meet them we can get further than we expected. Through innovation and iteration, we aim to take things that work well and improve upon them in unexpected ways. For example, when one of our engineers saw that search worked well for properly spelled words, he wondered about how it handled typos. That led him to create an intuitive and more helpful spell checker. Even if you don’t know exactly what you’re looking for, finding an answer on the web is our problem, not yours. We try to anticipate needs not yet articulated by our global audience, and meet them with products and services that set new standards. When we launched Gmail, it had more storage space than any email service available. In retrospect offering that seems obvious–but that’s because now we have new standards for email storage. Those are the kinds of changes we seek to make, and we’re always looking for new places where we can make a difference. Ultimately, our constant dissatisfaction with the way things are becomes the driving force behind everything we do.",absent
f2f926f47cca9987,google,2014,Google: A great workplace for women,"At Google, our mission is to organize the world’s information and make it universally accessible. ...",absent
86df64683254c612,google,2010,Let’s work together.,"At Google, we understand that our worldwide success results from our globally diverse workforce. In every Google office, you will find challenging projects and smart people with potential to change the world. Googlers relish the freedom to create the next generation of web technologies in an environment designed to foster collaboration, creativity, health, and happiness. What’s it like to work at Google ?",absent
29e66b9f4f439e71,google,2015,"Saying ""I do"" at Google London","San Francisco-based Googler Shaun Aukland gained unexpected, international attention when he asked his boyfriend Michael ...",aspirational_vague
cb5ea4a4daa41d3a,palantir,2019,Why We’re Here,"We believe in augmenting human intelligence, not replacing it. With good data and the right technology, people and institutions today can still solve hard problems and change the world for the better. In 2004, when we looked at the available technology, we saw products that were too rigid to handle novel problems, and custom systems that took too long to deploy and required too many services to maintain and improve. We saw automated approaches that failed against adaptive adversaries, and all-or-nothing access controls that forced organizations to make unacceptable trade-offs between collaborating and securing sensitive data from misuse. We saw a need for a different kind of technology, and we knew it would take a different kind of company to build it. That’s why we founded Palantir.",
f14d66380238787b,palantir,2019,Where We’re Going,"Organizations around the world are using Palantir to help them do their most important work. With Palantir, investigators are uncovering human trafficking rings, finding exploited children, and unraveling complex financial crimes. Humanitarian response organizations are directing resources more effectively to communities affected by natural disasters. Prosecutors are building stronger cases against insider traders. Public health officials are tracking and containing the spread of deadly diseases. Information security specialists are defending against the theft of intellectual property, while oversight authorities are auditing user activity to protect sensitive data from misuse or abuse. And this is just the beginning. We are working to build a future in which public institutions, commercial enterprises, and non-profit organizations can use data to function as they were designed—to fulfill the mandates with which they’ve been entrusted, to deliver value to customers, and to distribute aid to those most in need.",
dd15dfcde3249255,palantir,2019,We make products for human-driven analysis of real-world data,"We’re focused on creating the world’s best user experience for working with data, one that empowers people to ask and answer complex questions without requiring them to master querying languages, statistical modeling, or the command line. To achieve this, we build platforms for integrating, managing, and securing data on top of which we layer applications for fully interactive human-driven, machine-assisted analysis.",
5e425f5ca06f6d6e,palantir,2019,We design technology to help institutions protect liberty,"Analytic technology, especially in the hands of powerful institutions that hold large volumes of data, can pose serious risks to privacy and civil liberties. That's why we build privacy-protective capabilities into our products, help customers understand how to use them responsibly, and work with advocacy groups and the policy community on how technology can be used to protect privacy interests today and in the future. We have always been, and continue to be, committed to helping organizations get value out of their data while protecting sensitive information from misuse and abuse.",
2f8e661f563d8cf5,palantir,2019,Engineering Culture,"Engineers build to solve problems, but at Palantir you don't have to be a computer scientist to be an engineer. You do have to speak up when things aren't right and build to fix what's broken.",
67d335db523a1bd7,palantir,2019,We go where we’re needed most,"We are engineers on a mission. We seek out the most critical problems we can find—the ones that pose threats not only to many of the world’s most important institutions, but to the people they serve as well. Some institutions have the resources to pay for our products, and some don’t. Whatever the situation, our approach with all our clients is the same: to establish a partnership that transforms the way they use data in pursuit of their goals.",
5f7de11e502ea7bf,palantir,2019,There is so much left to build,"At Palantir, we work for the common good—within our organization and with other organizations around the world. We’re building a future where data can be leveraged to serve people, create value, and improve quality of life.",
cfdb1c6f530db40b,palantir,2019,We build our company around mission-driven engineering,"We’re engineers, not academics. At our headquarters in Palo Alto and at offices around the world we’ve assembled a team that combines practical expertise in distributed systems infrastructure, big data processing, user experience design, and data science. Whatever their role, each Palantirian combines an uncompromising engineering mindset with an unwavering focus on executing in service of the mission.",
43601e8487123c5e,palantir,2019,We meet the problems where they live,"Our customers have data and a deep understanding of the problems they face. We have proven products and an engineering mindset. We send our engineers into the field to work directly with our customers—deploying our products, integrating their data, optimizing their workflows, and producing operational results in weeks, not years. By establishing a true partnership, we help customers get the most out of our products and engineering expertise. See the challenges we help our customers face",
3931139dab9e286b,palantir,2026,Worlds Smartest People Gif,"Sleek moving text that says ""The world's hardest problems need the worlds smartest people.""",
16375479d579969c,palantir,2025,,"We saw automated approaches that failed against adaptive adversaries, and all-or-nothing access controls that forced organizations to make unacceptable trade-offs between collaborating and securing sensitive data from misuse.",
3eeefb4dbe129753,palantir,2020,Engineering Culture,"Engineers build to solve problems, but at Palantir you don't have to be a computer scientist to be an engineer. You do have to speak up when things aren't right and build to fix what's broken.",
a590b82925188c95,palantir,2020,There is so much left to build,"At Palantir, we work for the common good—within our organization and with other organizations around the world. We’re building a future where data can be leveraged to serve people, create value, and improve quality of life.",
a314acbd74435a6c,palantir,2021,,"At Palantir, we work for the common good—within our organization and with other organizations around the world.",
bd301c7498b81b01,palantir,2023,,"That's why we build privacy-protective capabilities into our products, help customers understand how to use them responsibly, and work with advocacy groups and the policy community on how technology can be used to protect privacy interests today and in the future. We have always been, and continue to be, committed to helping organizations get value out of their data while protecting sensitive information from misuse and abuse.",
1736eae37fdac05a,palantir,2023,,"We’re focused on creating the world’s best user experience for working with data, one that empowers people to ask and answer complex questions without requiring them to master querying languages, statistical modeling, or the command line.",
327b5092fe1d183e,palantir,2026,,"We are working to build a future in which public institutions, commercial enterprises, and non-profit organizations can use data to function as they were designed—to fulfill the mandates with which they’ve been entrusted, to deliver value to customers, and to distribute aid to those most in need.",
86aaaaf5530bce7c,palantir,2020,We build our company around mission-driven engineering,"We’re engineers, not academics. At our headquarters in Palo Alto and at offices around the world we’ve assembled a team that combines practical expertise in distributed systems infrastructure, big data processing, user experience design, and data science. Whatever their role, each Palantirian combines an uncompromising engineering mindset with an unwavering focus on executing in service of the mission.",
a48d27122c2ed41f,palantir,2026,About Palantir,"At Palantir, we believe that with good data and the right software, institutions can solve hard problems and change the world for the better.",
1959993228f1eb98,palantir,2022,,Palantir Foundry was built to help you solve your enterprise's toughest data challenges.,
03db75ca55826ab1,palantir,2026,Fast-movers,"Palantirians make decisions quickly. We optimize for impact, not consensus. There is no bureaucratic distance between identifying a problem and fixing it.",
9320ae9cba7e2330,palantir,2025,,"Analytic technology, especially in the hands of powerful institutions that hold large volumes of data, can pose serious risks to privacy and civil liberties.",
dfb776555794337c,palantir,2023,,"No matter where you're based, or which team you work on, you’ll be part of a group of people working together to build solutions to mission-critical problems and a company that values the very best ideas.",
811484382764f67d,palantir,2025,,Organizations around the world are using Palantir to help them do their most important work.,
